Built,n,prop
3.4.0,197,0.5533707865168539
3.4.1,37,0.10393258426966293
3.4.2,46,0.12921348314606743
3.4.3,76,0.21348314606741572
